DROP DATABASE biblioteca;
CREATE DATABASE biblioteca;

USE biblioteca;

CREATE TABLE Autor(
  id INTEGER PRIMARY KEY,
  nome VARCHAR(100) NOT NULL,
  nacionalidade VARCHAR(50),
  genero VARCHAR(30),
  data_nascimento DATE NOT NULL
 );
 
 CREATE TABLE Livro (
  id INTEGER PRIMARY KEY,
  nome VARCHAR(1000) NOT NULL,
  autor_id INTEGER, 
  ano_publicacao INTEGER,
  genero VARCHAR(50) NOT NULL,
  descricao TEXT NOT NULL,
  idioma VARCHAR(20),
  disponibilidade BOOLEAN NOT NULL,
  FOREIGN KEY (autor_id) REFERENCES Autor(id)
);

 CREATE TABLE Usuario(
   id INTEGER PRIMARY KEY,
   nome VARCHAR(100) NOT NULL,
   email VARCHAR(100) NOT NULL UNIQUE,
   cpf VARCHAR(15) NOT NULL UNIQUE,
   telefone VARCHAR(15) NOT NULL,
   data_cadastro DATE NOT NULL
 );
 
 CREATE TABLE Emprestimo (
   id INTEGER PRIMARY KEY, 
   id_usuario INTEGER, 
   id_livro INTEGER, 
   data_emprestimo DATE NOT NULL, 
   data_devolucao_prevista DATE NOT NULL, 
   data_devolucao_real DATE, 
   data_criacao DATE,
   status VARCHAR(20) NOT NULL,
   FOREIGN KEY (id_usuario) REFERENCES Usuario(id),
   FOREIGN KEY (id_livro) REFERENCES Livro(id)
 );
 
 CREATE TABLE Reserva(
   id INTEGER PRIMARY KEY, 
   id_usuario INTEGER, 
   id_livro INTEGER, 
   data_reserva DATE NOT NULL, 
   data_criacao DATE NOT NULL,
   status_reserva VARCHAR(20) NOT NULL,
   data_confirmacao DATE,
   FOREIGN KEY (id_usuario) REFERENCES Usuario(id),
   FOREIGN KEY (id_livro) REFERENCES Livro(id)
 );

INSERT INTO Autor (
  id, 
  nome, 
  nacionalidade,
  genero,
  data_nascimento
) 
VALUES
  (1, 'Miguel de Cervantes', 'Espanhol', 'Masculino', '1547-09-29'),
  (2, 'Jane Austen', 'Britânica', 'Feminino', '1775-12-16'),
  (3, 'Fiódor Dostoiévski', 'Russo', 'Masculino', '1821-11-11'),
  (4, 'Herman Melville', 'Norte-americano', 'Masculino', '1819-08-01'),
  (5, 'James Joyce', 'Irlandês', 'Masculino', '1882-02-02'),
  (6, 'Dante Alighieri', 'Italiano', 'Masculino', '1265-05-29'),
  (7, 'Johann Wolfgang von Goethe', 'Alemão', 'Masculino', '1749-08-28'),
  (8, 'Victor Hugo', 'Francês', 'Masculino', '1802-02-26'),
  (9, 'Liev Tolstói', 'Russo', 'Masculino', '1828-09-09'),
  (10, 'Gustave Flaubert', 'Francês', 'Masculino', '1821-12-12'),
  (11, 'George Orwell', 'Britânico', 'Masculino', '1903-06-25'),
  (12, 'Gabriel García Márquez', 'Colombiano', 'Masculino', '1927-03-06'),
  (13, 'J.D. Salinger', 'Norte-americano', 'Masculino', '1919-01-01'),
  (14, 'José Saramago', 'Português', 'Masculino', '1922-11-16'),
  (15, 'Franz Kafka', 'Tcheco', 'Masculino', '1883-07-03'),
  (16, 'Harper Lee', 'Norte-americana', 'Feminino', '1926-04-28'),
  (17, 'Vladimir Nabokov', 'Russo', 'Masculino', '1899-04-22'),
  (18, 'F. Scott Fitzgerald', 'Norte-americano', 'Masculino', '1896-09-24'),
  (19, 'Haruki Murakami', 'Japonês', 'Masculino', '1949-01-12'),
  (20, 'Frank Herbert', 'Norte-americano', 'Masculino', '1920-10-08'),
  (21, 'Douglas Adams', 'Britânico', 'Masculino', '1952-03-11'),
  (22, 'William Gibson', 'Canadense', 'Masculino', '1948-03-17'),
  (23, 'Isaac Asimov', 'Russo-americano', 'Masculino', '1920-01-02'),
  (24, 'J.R.R. Tolkien', 'Britânico', 'Masculino', '1892-01-03'),
  (25, 'Stephen King', 'Norte-americano', 'Masculino', '1947-09-21'),
  (26, 'Robert Bloch', 'Norte-americano', 'Masculino', '1917-04-05'),
  (27, 'Thomas Harris', 'Norte-americano', 'Masculino', '1940-09-22'),
  (28, 'Agatha Christie', 'Britânica', 'Feminino', '1890-09-15'),
  (29, 'Dan Brown', 'Norte-americano', 'Masculino', '1964-06-22'),
  (30, 'Yuval Noah Harari', 'Israelense', 'Masculino', '1976-02-24'),
  (31, 'Anne Frank', 'Alemã-Holandesa', 'Feminino', '1929-06-12'),
  (32, 'Sun Tzu', 'Chinês', 'Masculino', '0544-01-01'),
  (33, 'Stephen Hawking', 'Britânico', 'Masculino', '1942-01-08'),
  (34, 'Machado de Assis', 'Brasileiro', 'Masculino', '1839-06-21'),
  (35, 'Guimarães Rosa', 'Brasileiro', 'Masculino', '1908-06-27'),
  (36, 'Jorge Amado', 'Brasileiro', 'Masculino', '1912-08-10'),
  (37, 'Clarice Lispector', 'Brasileira', 'Feminino', '1920-12-10'),
  (38, 'Graciliano Ramos', 'Brasileiro', 'Masculino', '1892-10-27'),
  (39, 'Aluísio Azevedo', 'Brasileiro', 'Masculino', '1857-04-14'),
  (40, 'Gabriel García Márquez', 'Colombiano', 'Masculino', '1927-03-06');
 
INSERT INTO Livro(
  id,
  nome,
  autor_id,
  ano_publicacao,
  genero,
  descricao,
  idioma,
  disponibilidade
) 
VALUES
  (1, 'Dom Quixote', 1, 1605, 'Romance', 'A história de um fidalgo que enlouquece após ler muitos romances de cavalaria e decide se tornar um cavaleiro andante.', 'Espanhol', TRUE),
  (2, 'Orgulho e Preconceito', 2, 1813, 'Romance', 'Um clássico sobre Elizabeth Bennet e o orgulhoso Sr. Darcy, explorando temas como amor e preconceito social.', 'Inglês', TRUE),
  (3, 'Crime e Castigo', 3, 1866, 'Romance psicológico', 'A história de Raskólnikov, um estudante que comete um assassinato e lida com a culpa e a redenção.', 'Russo', TRUE),
  (4, 'Moby Dick', 4, 1851, 'Aventura', 'A obsessiva busca do capitão Ahab pela baleia branca que arrancou sua perna.', 'Inglês', TRUE),
  (5, 'Ulisses', 5, 1922, 'Romance modernista', 'Um dia na vida de Leopold Bloom em Dublin, cheio de referências e técnicas narrativas inovadoras.', 'Inglês', TRUE),
  (6, 'A Divina Comédia', 6, 1321, 'Poema épico', 'Uma jornada alegórica pelo Inferno, Purgatório e Paraíso, guiada por Virgílio e Beatriz.', 'Italiano', TRUE),
  (7, 'Fausto', 7, 1808, 'Drama filosófico', 'O pacto de Fausto com o demônio Mefistófeles em busca de conhecimento e prazer.', 'Alemão', TRUE),
  (8, 'Os Miseráveis', 8, 1862, 'Romance histórico', 'A vida de Jean Valjean, um ex-presidiário em busca de redenção na França do século XIX.', 'Francês', TRUE),
  (9, 'Guerra e Paz', 9, 1869, 'Romance histórico', 'Um épico sobre famílias aristocráticas durante as guerras napoleônicas.', 'Russo', TRUE),
  (10, 'Madame Bovary', 10, 1857, 'Romance realista', 'A vida infeliz de Emma Bovary, que busca escapar do tédio através de adultérios e dívidas.', 'Francês', TRUE),
  (11, '1984', 11, 1949, 'Ficção distópica', 'Uma sociedade totalitária vigiada pelo Grande Irmão, onde até o pensamento é controlado.', 'Inglês', TRUE),
  (12, 'Cem Anos de Solidão', 12, 1967, 'Realismo mágico', 'A saga da família Buendía na mítica cidade de Macondo.', 'Espanhol', TRUE),
  (13, 'O Apanhador no Campo de Centeio', 13, 1951, 'Romance', 'Holden Caulfield, um adolescente rebelde, narra sua crise existencial em Nova York.', 'Inglês', TRUE),
  (14, 'Ensaio sobre a Cegueira', 14, 1995, 'Ficção alegórica', 'Uma epidemia de cegueira expõe a fragilidade da sociedade.', 'Português', TRUE),
  (15, 'A Metamorfose', 15, 1915, 'Ficção absurda', 'Gregor Samsa acorda transformado em um inseto monstruoso.', 'Alemão', TRUE),
  (16, 'O Sol é para Todos', 16, 1960, 'Romance social', 'Um advogado defende um homem negro injustamente acusado no sul dos EUA.', 'Inglês', TRUE),
  (17, 'Lolita', 17, 1955, 'Romance controverso', 'A obsessão do professor Humbert Humbert por uma adolescente.', 'Inglês', TRUE),
  (18, 'O Grande Gatsby', 18, 1925, 'Romance', 'A vida luxuosa e trágica de Jay Gatsby durante os anos 1920 nos EUA.', 'Inglês', TRUE),
  (19, 'O Amor nos Tempos do Cólera', 12, 1985, 'Romance', 'Um amor não correspondido que dura décadas na Colômbia.', 'Espanhol', TRUE),
  (20, 'Norwegian Wood', 19, 1987, 'Romance', 'Um jovem relembra um amor perdido no Japão dos anos 1960.', 'Japonês', TRUE),
  (21, 'Duna', 20, 1965, 'Ficção científica', 'A luta pelo controle do planeta desértico Arrakis e sua valiosa especiaria.', 'Inglês', TRUE),
  (22, 'O Guia do Mochileiro das Galáxias', 21, 1979, 'Ficção científica humorística', 'As aventuras de Arthur Dent após a destruição da Terra.', 'Inglês', TRUE),
  (23, 'Neuromancer', 22, 1984, 'Cyberpunk', 'Um hacker é recrutado para um roubo digital em um mundo dominado pela inteligência artificial.', 'Inglês', TRUE),
  (24, 'Fundação', 23, 1951, 'Ficção científica', 'O psicohistoriador Hari Seldon prevê o colapso do Império Galáctico.', 'Inglês', TRUE),
  (25, 'O Senhor dos Anéis', 24, 1954, 'Fantasia épica', 'A jornada de Frodo para destruir o Um Anel e salvar a Terra-média.', 'Inglês', TRUE),
  (26, 'O Iluminado', 25, 1977, 'Terror', 'Um escritor e sua família enfrentam forças malignas em um hotel isolado.', 'Inglês', TRUE),
  (27, 'Psicose', 26, 1959, 'Terror psicológico', 'O perturbado Norman Bates e seu motel sinistro.', 'Inglês', TRUE),
  (28, 'O Silêncio dos Inocentes', 27, 1988, 'Suspense', 'A agente do FBI Clarice Starling caça o serial killer Buffalo Bill.', 'Inglês', TRUE),
  (29, 'E Não Sobrou Nenhum', 28, 1939, 'Mistério', 'Dez estranhos são convidados para uma ilha e começam a morrer um por um.', 'Inglês', TRUE),
  (30, 'O Código Da Vinci', 29, 2003, 'Suspense', 'Uma trama envolvendo sociedades secretas e o segredo do Santo Graal.', 'Inglês', TRUE),
  (31, 'Sapiens: Uma Breve História da Humanidade', 30, 2011, 'Não ficção', 'Uma análise da evolução humana desde os primórdios até a era moderna.', 'Hebraico', TRUE),
  (32, 'O Diário de Anne Frank', 31, 1947, 'Biografia', 'Os relatos de uma jovem judia escondida durante o Holocausto.', 'Holandês', TRUE),
  (33, 'A Arte da Guerra', 32, 1988, 'Estratégia militar', 'Princípios de estratégia e tática usados em conflitos.', 'Chinês', TRUE),
  (34, 'Breves Respostas para Grandes Questões', 33, 2018, 'Ciência', 'Reflexões póstumas de Hawking sobre o universo e a humanidade.', 'Inglês', TRUE),
  (35, 'Memórias Póstumas de Brás Cubas', 34, 1881, 'Romance satírico', 'Um defunto-autor narra sua vida de forma irônica e filosófica.', 'Português', TRUE),
  (36, 'Grande Sertão: Veredas', 35, 1956, 'Romance regionalista', 'A jornada de Riobaldo pelo sertão brasileiro e seu pacto com o diabo.', 'Português', TRUE),
  (37, 'Capitães da Areia', 36, 1937, 'Romance social', 'A vida de meninos abandonados nas ruas de Salvador.', 'Português', TRUE),
  (38, 'A Hora da Estrela', 37, 1977, 'Romance existencialista', 'A vida simples e trágica de Macabéa, uma datilógrafa do Rio de Janeiro.', 'Português', TRUE),
  (39, 'Vidas Secas', 38, 1938, 'Romance regionalista', 'A saga de uma família de retirantes no sertão nordestino.', 'Português', TRUE),
  (40, 'O Cortiço', 39, 1890, 'Romance naturalista', 'A vida nos cortiços do Rio de Janeiro no século XIX.', 'Português', TRUE);

INSERT INTO Usuario (
    id,
    nome, 
    email, 
    telefone, 
    cpf,
    data_cadastro
) 
VALUES
(1, 'Ana Souza', 'ana.souza@gmail.com', '(11) 91234-5678', '123.456.788-00', '2014-05-07'),
(2, 'Carlos Silva', 'carlos.silva@hotmail.com', '(21) 99876-5432', '234.567.895-01', '2025-12-20'),
(3, 'Juliana Oliveira', 'julia.oliveira@yahoo.com', '(31) 98765-4321', '345.678.905-02', '2025-08-07'),
(4, 'Lucas Pereira', 'lucas.pereira@gmail.com', '(41) 95959-5959', '456.789.015-03', '2013-05-08'),
(5, 'Mariana Costa', 'mariana.costa@hotmail.com', '(51) 93333-2222', '567.890.153-04', '2025-06-07'),
(6, 'Felipe Santos', 'felipe.santos@gmail.com', '(61) 96123-4567', '678.901.254-05', '2025-07-19'),
(7, 'Clara Almeida', 'clara.almeida@yahoo.com', '(71) 98765-6789', '789.012.355-06', '2020-12-07'),
(8, 'Pedro Rocha', 'pedro.rocha@hotmail.com', '(81) 92345-6789', '890.153.456-07', '2022-02-10'),
(9, 'Fernanda Lima', 'fernanda.lima@gmail.com', '(91) 93456-7890', '901.254.567-08', '2023-05-07'),
(10, 'Rodrigo Barbosa', 'rodrigo.barbosa@yahoo.com', '(11) 95555-4444', '012.345.658-09', '2006-04-17'),
(11, 'Gabriela Costa', 'gabriela.costa@hotmail.com', '(21) 96666-7777', '123.456.759-00', '2025-05-07'),
(12, 'Rafael Mendes', 'rafael.mendes@gmail.com', '(31) 98888-9999', '234.567.590-01', '2025-05-07'),
(13, 'Isabela Martins', 'isabela.martins@yahoo.com', '(41) 99988-7777', '345.578.901-02', '2025-05-07'),
(14, 'Thiago Ferreira', 'thiago.ferreira@hotmail.com', '(51) 92222-3333', '456.789.412-03', '2025-05-07'),
(15, 'Laura Costa', 'laura.costa@gmail.com', '(61) 97364-1234', '567.850.153-04', '2025-05-07'),
(16, 'Gustavo Souza', 'gustavo.souza@yahoo.com', '(71) 91011-1212', '678.941.234-05', '2008-05-09'),
(17, 'Camila Pires', 'camila.pires@hotmail.com', '(81) 91222-4444', '789.052.345-06', '2016-11-07'),
(18, 'Eduardo Oliveira', 'eduardo.oliveira@gmail.com', '(91) 98877-6666', '840.123.456-07', '2023-10-07'),
(19, 'Larissa Silva', 'larissa.silva@yahoo.com', '(11) 93123-4567', '901.234.557-08', '2015-07-24'),
(20, 'Marcos Almeida', 'marcos.almeida@hotmail.com', '(21) 97456-7890', '012.355.648-09', '2021-08-07'),
(21, 'Beatriz Rocha', 'beatriz.rocha@gmail.com', '(31) 92345-6789', '123.456.749-00', '2017-09-07'),
(22, 'Vinícius Costa', 'vinicius.costa@yahoo.com', '(41) 90123-4567', '234.547.890-01', '2025-04-07'),
(23, 'Natália Martins', 'natalia.martins@hotmail.com', '(51) 93567-8901', '345.658.901-02', '2025-03-19'),
(24, 'Ricardo Barbosa', 'ricardo.barbosa@gmail.com', '(61) 92234-5678', '456.489.012-03', '2013-11-30'),
(25, 'Amanda Lima', 'amanda.lima@yahoo.com', '(71) 91345-6789', '567.850.123-04', '2014-07-07'),
(26, 'Felipe Almeida', 'felipe.almeida@hotmail.com', '(81) 92234-5678', '678.401.234-05', '2012-05-30'),
(27, 'Tatiane Ferreira', 'tatiane.ferreira@gmail.com', '(91) 96543-2109', '759.012.345-06', '2025-05-27'),
(28, 'Thiago Souza', 'thiago.souza@yahoo.com', '(11) 91234-7654', '890.123.446-07', '2005-05-10'),
(29, 'Carla Rocha', 'carla.rocha@hotmail.com', '(21) 98654-3210', '901.234.547-08', '2000-07-01'),
(30, 'Felipe Martins', 'felipe.martins@gmail.com', '(31) 93456-7890', '052.345.678-09', '2021-09-20'),
(31, 'Renata Costa', 'renata.costa@yahoo.com', '(41) 93211-2233', '123.446.789-00', '2025-05-07'),
(32, 'Caio Almeida', 'caio.almeida@hotmail.com', '(51) 96877-6543', '254.567.890-01', '2025-05-07'),
(33, 'Amanda Rocha', 'amanda.rocha@gmail.com', '(61) 97777-6666', '345.678.901-02', '2025-05-07'),
(34, 'Rodrigo Costa', 'rodrigo.costa@yahoo.com', '(71) 96666-5555', '456.789.012-03', '2025-05-07'),
(35, 'Priscila Lima', 'priscila.lima@hotmail.com', '(81) 99888-7777', '567.840.143-04', '2025-05-07'),
(36, 'Douglas Ferreira', 'douglas.ferreira@gmail.com', '(91) 92345-6789', '678.501.234-05', '2025-05-07'),
(37, 'Jéssica Barbosa', 'jessica.barbosa@yahoo.com', '(11) 91876-5432', '789.012.345-06', '2025-10-01'),
(38, 'Viviane de Souza', 'viviane.souza@gmail.com', '(61) 93421-2345', '890.423.456-07', '2025-08-20'),
(39, 'José Roberto', 'roberto3242@uol.com.br', '(61) 92345-6217', '901.234.567-08', '2025-05-25'),
(40, 'Taís Doring', 'tais.doring@sempreceub.com', '(61) 92346-2357', '012.355.678-09', '2025-03-24');


INSERT INTO Emprestimo (
  id, 
  id_usuario, 
  id_livro, 
  data_emprestimo, 
  data_devolucao_prevista, 
  data_devolucao_real, 
  status
) 
VALUES
  (1, 1, 5, '2023-01-10', '2023-01-24', '2023-01-23', 'Devolvido'),
  (2, 2, 12, '2023-01-15', '2023-01-29', '2023-01-28', 'Devolvido'),
  (3, 3, 7, '2023-02-05', '2023-02-19', '2023-02-18', 'Devolvido'),
  (4, 4, 25, '2023-02-10', '2023-02-24', '2023-02-25', 'Atrasado'),
  (5, 5, 3, '2023-03-01', '2023-03-15', '2023-03-14', 'Devolvido'),
  (6, 6, 18, '2023-03-12', '2023-03-26', '2023-03-27', 'Atrasado'),
  (7, 7, 9, '2023-04-02', '2023-04-16', '2023-04-15', 'Devolvido'),
  (8, 8, 40, '2023-04-10', '2023-04-24', NULL, 'Em andamento'),
  (9, 9, 15, '2023-05-01', '2023-05-15', '2023-05-14', 'Devolvido'),
  (10, 10, 22, '2023-05-20', '2023-06-03', '2023-06-02', 'Devolvido'),
  (11, 11, 1, '2023-06-05', '2023-06-19', '2023-06-18', 'Devolvido'),
  (12, 12, 30, '2023-06-15', '2023-06-29', '2023-06-28', 'Devolvido'),
  (13, 13, 8, '2023-07-01', '2023-07-15', '2023-07-16', 'Atrasado'),
  (14, 14, 17, '2023-07-10', '2023-07-24', NULL, 'Em andamento'),
  (15, 15, 36, '2023-08-05', '2023-08-19', '2023-08-18', 'Devolvido'),
  (16, 16, 2, '2023-08-12', '2023-08-26', '2023-08-25', 'Devolvido'),
  (17, 17, 28, '2023-09-01', '2023-09-15', '2023-09-14', 'Devolvido'),
  (18, 18, 11, '2023-09-10', '2023-09-24', '2023-09-23', 'Devolvido'),
  (19, 19, 6, '2023-10-05', '2023-10-19', '2023-10-20', 'Atrasado'),
  (20, 20, 33, '2023-10-15', '2023-10-29', '2023-10-28', 'Devolvido'),
  (21, 21, 4, '2023-11-01', '2023-11-15', '2023-11-14', 'Devolvido'),
  (22, 22, 19, '2023-11-10', '2023-11-24', '2023-11-23', 'Devolvido'),
  (23, 23, 10, '2023-12-05', '2023-12-19', '2023-12-18', 'Devolvido'),
  (24, 24, 26, '2023-12-12', '2023-12-26', '2023-12-27', 'Atrasado'),
  (25, 25, 14, '2024-01-01', '2024-01-15', '2024-01-14', 'Devolvido'),
  (26, 26, 21, '2024-01-10', '2024-01-24', NULL, 'Em andamento'),
  (27, 27, 38, '2024-02-05', '2024-02-19', '2024-02-18', 'Devolvido'),
  (28, 28, 13, '2024-02-15', '2024-02-29', '2024-02-28', 'Devolvido'),
  (29, 29, 29, '2024-03-01', '2024-03-15', '2024-03-14', 'Devolvido'),
  (30, 30, 35, '2024-03-10', '2024-03-24', '2024-03-23', 'Devolvido'),
  (31, 31, 16, '2024-04-05', '2024-04-19', '2024-04-20', 'Atrasado'),
  (32, 32, 23, '2024-04-15', '2024-04-29', '2024-04-28', 'Devolvido'),
  (33, 33, 37, '2024-05-01', '2024-05-15', '2024-05-14', 'Devolvido'),
  (34, 34, 20, '2024-05-10', '2024-05-24', NULL, 'Em andamento'),
  (35, 35, 31, '2024-06-05', '2024-06-19', '2024-06-18', 'Devolvido'),
  (36, 36, 24, '2024-06-15', '2024-06-29', '2024-06-28', 'Devolvido'),
  (37, 37, 32, '2024-07-01', '2024-07-15', '2024-07-16', 'Atrasado'),
  (38, 38, 27, '2024-07-10', '2024-07-24', '2024-07-23', 'Devolvido'),
  (39, 39, 34, '2024-08-05', '2024-08-19', '2024-08-18', 'Devolvido'),
  (40, 40, 9, '2024-08-15', '2024-08-29', '2024-08-30', 'Atrasado'),
  (41, 38, 10, '2025-04-01', '2025-04-15', '2025-04-14', 'Devolvido'),
  (42, 38, 12, '2025-05-05', '2025-05-19', NULL, 'Em andamento'),
  (43, 39, 13, '2025-03-10', '2025-03-24', '2025-03-23', 'Devolvido'),
  (44, 39, 14, '2025-04-20', '2025-05-04', NULL, 'Atrasado'),
  (45, 40, 15, '2025-05-01', '2025-05-15', NULL, 'Em andamento'),
  (46, 40, 16, '2025-01-15', '2025-01-29', '2025-01-30', 'Devolvido em atraso');

INSERT INTO Reserva (
  id, 
  id_usuario, 
  id_livro, 
  data_reserva,
  data_criacao,
  status_reserva, 
  data_confirmacao
) 
VALUES 
(1, 1, 3, '2025-05-01', '2025-04-30', 'Confirmada', '2025-05-02'),
(2, 2, 7, '2025-05-03', '2025-05-02', 'Pendente', NULL),
(3, 3, 5, '2025-05-02', '2025-05-01', 'Confirmada', '2025-05-04'),
(4, 4, 8, '2025-05-04', '2025-05-03', 'Confirmada', '2025-05-06'),
(5, 5, 6, '2025-05-05', '2025-05-04', 'Pendente', NULL),
(6, 6, 9, '2025-05-06', '2025-05-05', 'Confirmada', '2025-05-07'),
(7, 7, 10, '2025-05-07', '2025-05-06', 'Confirmada', '2025-05-08'),
(8, 8, 2, '2025-05-08', '2025-05-07', 'Pendente', NULL),
(9, 9, 11, '2025-05-09', '2025-05-08', 'Confirmada', '2025-05-10'),
(10, 10, 12, '2025-05-10', '2025-05-09', 'Confirmada', '2025-05-12'),
(11, 11, 13, '2025-05-11', '2025-05-10', 'Pendente', NULL),
(12, 12, 14, '2025-05-12', '2025-05-11', 'Confirmada', '2025-05-14'),
(13, 13, 15, '2025-05-13', '2025-05-12', 'Confirmada', '2025-05-14'),
(14, 14, 16, '2025-05-14', '2025-05-13', 'Pendente', NULL),
(15, 15, 17, '2025-05-15', '2025-05-14', 'Confirmada', '2025-05-16'),
(16, 16, 18, '2025-05-16', '2025-05-15', 'Confirmada', '2025-05-17'),
(17, 17, 19, '2025-05-17', '2025-05-16', 'Pendente', NULL),
(18, 18, 20, '2025-05-18', '2025-05-17', 'Confirmada', '2025-05-19'),
(19, 19, 21, '2025-05-19', '2025-05-18', 'Pendente', NULL),
(20, 20, 22, '2025-05-20', '2025-05-19', 'Confirmada', '2025-05-22'),
(21, 21, 23, '2025-05-21', '2025-05-20', 'Confirmada', '2025-05-23'),
(22, 22, 24, '2025-05-22', '2025-05-21', 'Pendente', NULL),
(23, 23, 25, '2025-05-23', '2025-05-22', 'Confirmada', '2025-05-25'),
(24, 24, 26, '2025-05-24', '2025-05-23', 'Confirmada', '2025-05-26'),
(25, 25, 27, '2025-05-25', '2025-05-24', 'Pendente', NULL),
(26, 26, 28, '2025-05-26', '2025-05-25', 'Confirmada', '2025-05-28'),
(27, 27, 29, '2025-05-27', '2025-05-26', 'Confirmada', '2025-05-29'),
(28, 28, 30, '2025-05-28', '2025-05-27', 'Pendente', NULL),
(29, 29, 31, '2025-05-29', '2025-05-28', 'Confirmada', '2025-05-31'),
(30, 30, 32, '2025-05-30', '2025-05-29', 'Confirmada', '2025-06-01'),
(31, 31, 33, '2025-05-31', '2025-05-30', 'Pendente', NULL),
(32, 32, 34, '2025-06-01', '2025-05-31', 'Confirmada', '2025-06-02'),
(33, 33, 35, '2025-06-02', '2025-06-01', 'Confirmada', '2025-06-03'),
(34, 34, 36, '2025-06-03', '2025-06-02', 'Pendente', NULL),
(35, 35, 37, '2025-06-04', '2025-06-03', 'Confirmada', '2025-06-05'),
(36, 36, 38, '2025-06-05', '2025-06-04', 'Pendente', NULL),
(37, 37, 39, '2025-06-06', '2025-06-05', 'Confirmada', '2025-06-07'),
(38, 38, 40, '2025-06-07', '2025-06-06', 'Confirmada', '2025-06-08'),
(39, 39, 1, '2025-06-08', '2025-06-07', 'Pendente', NULL),
(40, 40, 2, '2025-06-09', '2025-06-08', 'Confirmada', '2025-06-10'),
(41, 38, 21, '2025-06-01', '2025-05-20', 'Confirmada', '2025-05-21'),
(42, 38, 22, '2025-06-10', '2025-05-21', 'Pendente', NULL),
(43, 39, 23, '2025-05-18', '2025-05-10', 'Confirmada', '2025-05-11'),
(44, 39, 24, '2025-05-25', '2025-05-20', 'Cancelada', NULL),
(45, 40, 25, '2025-05-15', '2025-05-10', 'Confirmada', '2025-05-12'),
(46, 40, 26, '2025-06-05', '2025-05-21', 'Pendente', NULL);
